<?xml version="1.0" encoding="UTF-8" standalone="yes"?>
<addon id="script.kodibox.update" version="1.2.2" name="KodiBox Updater" provider-name="KodiBox">
	<requires>
		<import addon="xbmc.python" version="2.19.0" />
		<import addon="script.module.requests" version="2.12.4"/>
		<import addon="repository.kodibox"/>
	</requires>
	<extension point="xbmc.service" library="service.py" start="login"/>
	<extension point="xbmc.addon.metadata">
		<summary lang="en">KodiBox Updater</summary>
		<platform>all</platform>
		<forum></forum>
		<website></website>
		<source></source>
	</extension>
</addon>