﻿<?xml version="1.0" encoding="UTF-8" standalone="yes"?>
<addon id="plugin.video.kodiboxstreaming" name="KodiBox Streaming"  version="1.3" provider-name="KodiBox" >
	<requires>
		<import addon="xbmc.python" version="2.1.0" />
		<import addon="script.module.requests" />
		<import addon="script.module.metahandler" />
		<import addon="plugin.video.youtube" optional="true" />
		<import addon="script.kodiboxstreaming.urlresolver" />
		<import addon="script.kodiboxstreaming.media" />
		<import addon="repository.kodibox" />
	</requires>
	<extension point="xbmc.python.pluginsource" library="default.py">
		<provides>video</provides>
	</extension>
	<extension point="xbmc.service" library="service.py" start="startup" />
	<extension point="xbmc.addon.metadata">
		<summary lang="en">KodiBox Streaming</summary>
		<disclaimer lang="en">The author does not host or distribute the content that is displayed to you with this addiciel. The author does not have an alliance with the content distributors.</disclaimer>
		<disclaimer lang="de">Die von diesem Addon dargestellten Inhalte werden von den Erstellern des Addons weder gehostet oder verbreitet, noch stehen die Ersteller in irgendeiner Beziehung zu den Content-Anbietern.</disclaimer>
		<disclaimer lang="fr">L'auteur n'héberge pas ou ne distribue pas le contenu qui vous est affiché avec cet addiciel. L'auteur n'a pas d'alliance avec les distributeurs de contenu.</disclaimer>
		<forum></forum>
		<source></source>
		<website></website>
		<platform>all</platform>
	</extension>
</addon>
