<?xml version="1.0" encoding="UTF-8" standalone="yes"?>
<addon id="script.kodiboxstreaming.media" version="1.0.0" name="KodiBox Streaming Media" provider-name="KodiBox" >
	<requires>
		<import addon="xbmc.python" version="2.19.0"/>
	</requires>
	<extension point="xbmc.python.script" library="default.py">
		<provides>executable</provides>
	</extension>
	<extension point="xbmc.addon.metadata">
		<summary>Themes for KodiBox Streaming</summary>
		<description>Themes for KodiBox Streaming</description>
		<platform>all</platform>
	</extension>
</addon>
