<?xml version="1.0" encoding="UTF-8" standalone="yes"?>
<addon id="script.kodibox.backup" version="1.2.2" name="KodiBox Backup" provider-name="KodiBox">
	<requires>
		<import addon="xbmc.python" version="2.19.0" />
		<import addon="repository.kodibox"/>
	</requires>
	<extension point="xbmc.python.script" library="addon.py">
        <provides>executable</provides>
    </extension>
	<extension point="xbmc.addon.metadata">
		<summary lang="en">KodiBox Backup</summary>
		<platform>all</platform>
		<forum></forum>
		<website></website>
		<source></source>
	</extension>
</addon>