<?xml version="1.0" encoding="UTF-8" standalone="yes"?>
<addon id="plugin.program.speedtest" version="1.0" name="KodiBox Speed Test" provider-namer="KodiBox">
	<requires>
		<import addon="xbmc.python" version="2.1.0"/>
	</requires>
    <extension point="xbmc.python.pluginsource" library="default.py">
        <provides>executable</provides>
    </extension>
    <extension point="xbmc.addon.metadata">
        <summary lang="en">KodiBox Speed Test</summary>
        <platform>all</platform>
        <forum></forum>
        <website></website>
        <source></source>
    </extension>
</addon>
