<?xml version="1.0" encoding="UTF-8"?>
    <addon id="repository.kodibox" name="KodiBox Repository" version="0.1.0" provider-name="KodiBox">
        <requires>
            <import addon="xbmc.addon" version="12.0.0"/>
        </requires>
        <extension point="xbmc.addon.repository" name="KodiBox Repository">
            <info compressed="false">https://raw.githubusercontent.com/KodiBoxFr/KodiBox/master/_repo/addons.xml</info>
            <checksum>https://raw.githubusercontent.com/KodiBoxFr/KodiBox/master/_repo/addons.xml.md5</checksum>
            <datadir zip="true">https://raw.githubusercontent.com/KodiBoxFr/KodiBox/master/_repo/</datadir>
            <hashes>false</hashes>
        </extension>
        <extension point="xbmc.addon.metadata">
            <summary>KodiBox Repository</summary>
            <description>KodiBox Repository to install Addons</description>
            <platform>all</platform>
    </extension>
</addon>